id,content,visibility,type,time,from_user_id
1001,dis parturient montes nascetur,false,story,16,126
1002,consequat lectus in est risus auctor sed,true,story,12,514
1003,sapien cursus vestibulum,true,story,15,731
1004,amet consectetuer adipiscing elit proin interdum mauris non,false,story,16,594
1005,rutrum rutrum neque,true,story,1,520
1006,convallis nulla neque libero convallis eget,false,story,5,918
1007,aliquam convallis nunc proin at turpis a,false,story,6,607
1008,potenti in eleifend quam a odio in,false,story,20,350
1009,pede libero quis orci nullam molestie,false,story,19,173
1010,duis ac nibh fusce lacus purus aliquet at,true,story,6,336
1011,accumsan felis ut at dolor quis odio consequat varius integer,true,story,7,637
1012,est phasellus sit amet erat nulla tempus vivamus in felis,true,story,6,490
1013,dui vel nisl duis ac,false,story,21,284
1014,fermentum justo nec,true,story,5,495
1015,nam congue risus semper,true,story,13,744
1016,nulla suscipit ligula,false,story,16,783
1017,sapien urna pretium nisl,true,story,17,262
1018,mattis odio donec vitae nisi nam ultrices,true,story,7,499
1019,sit amet consectetuer adipiscing elit proin risus praesent,true,story,3,98
1020,consequat in consequat ut nulla sed accumsan felis,true,story,10,893
1021,imperdiet nullam orci,true,story,2,718
1022,justo nec condimentum neque sapien placerat ante nulla justo aliquam,false,story,21,810
1023,lorem integer tincidunt ante vel,true,story,21,143
1024,sapien arcu sed augue aliquam erat volutpat,true,story,19,635
1025,faucibus cursus urna ut tellus,false,story,16,249
1026,vestibulum sagittis sapien cum sociis natoque,false,story,6,93
1027,erat id mauris vulputate elementum,true,story,20,972
1028,vulputate vitae nisl aenean lectus pellentesque,false,story,10,651
1029,nisi venenatis tristique fusce congue diam id,false,story,18,399
1030,interdum in ante vestibulum ante ipsum primis in,false,story,8,571
1031,magna at nunc commodo,true,story,9,490
1032,porta volutpat quam pede lobortis ligula sit amet,true,story,21,636
1033,vulputate nonummy maecenas tincidunt lacus,false,story,19,335
1034,pretium quis lectus suspendisse potenti,true,story,1,369
1035,cum sociis natoque,false,story,17,832
1036,non mauris morbi non lectus aliquam,false,story,6,966
1037,ipsum primis in faucibus,true,story,2,666
1038,vestibulum quam sapien varius ut blandit,false,story,16,768
1039,vel lectus in quam fringilla rhoncus mauris enim,false,story,10,214
1040,vestibulum vestibulum ante ipsum primis in faucibus orci luctus et,true,story,18,20
1041,mus vivamus vestibulum,false,story,4,404
1042,pellentesque ultrices phasellus id sapien,false,story,5,142
1043,blandit mi in porttitor pede justo eu,true,story,16,48
1044,nibh fusce lacus purus aliquet at,true,story,4,466
1045,penatibus et magnis dis,true,story,2,148
1046,orci pede venenatis non sodales sed tincidunt eu felis,true,story,20,169
1047,lacus curabitur at ipsum ac,true,story,13,495
1048,proin eu mi nulla ac enim in tempor,false,story,7,180
1049,morbi vestibulum velit,true,story,4,94
1050,magna ac consequat metus,true,story,2,103
1051,tristique fusce congue diam id ornare,true,story,16,392
1052,sapien sapien non mi integer ac neque duis bibendum morbi,true,story,16,547
1053,nibh in hac habitasse platea dictumst aliquam,true,story,14,427
1054,aliquet massa id,true,story,17,441
1055,tempor turpis nec euismod scelerisque quam turpis adipiscing,true,story,3,273
1056,tempus semper est quam pharetra magna ac consequat metus sapien,false,story,3,921
1057,in lectus pellentesque at nulla suspendisse potenti cras in,false,story,6,98
1058,pharetra magna ac consequat,true,story,5,232
1059,cursus vestibulum proin eu mi nulla ac enim in tempor,true,story,8,939
1060,vel est donec odio justo sollicitudin ut,false,story,9,140
1061,integer tincidunt ante vel ipsum praesent blandit lacinia erat,true,story,22,851
1062,interdum mauris non ligula pellentesque ultrices,true,story,3,330
1063,rhoncus mauris enim leo rhoncus sed,true,story,0,428
1064,faucibus orci luctus et,false,story,18,901
1065,lorem integer tincidunt ante,false,story,11,784
1066,vulputate elementum nullam varius nulla facilisi cras non velit nec,true,story,13,865
1067,amet consectetuer adipiscing elit proin,true,story,13,740
1068,tellus semper interdum mauris ullamcorper purus sit amet nulla,true,story,13,242
1069,magnis dis parturient montes nascetur,false,story,3,688
1070,vestibulum sit amet,false,story,6,381
1071,quam sollicitudin vitae consectetuer eget rutrum at lorem,true,story,8,670
1072,odio justo sollicitudin ut suscipit a feugiat,true,story,10,497
1073,justo morbi ut odio cras mi pede,true,story,23,369
1074,nunc commodo placerat praesent blandit nam nulla integer pede,false,story,21,972
1075,commodo placerat praesent blandit nam nulla integer pede,false,story,2,879
1076,quam pharetra magna ac consequat metus sapien ut nunc,true,story,2,718
1077,turpis eget elit sodales,false,story,1,993
1078,sapien sapien non mi integer ac,true,story,5,722
1079,elit sodales scelerisque mauris sit amet eros suspendisse accumsan tortor,false,story,22,197
1080,morbi porttitor lorem id ligula,true,story,22,120
1081,condimentum curabitur in libero ut massa,true,story,20,631
1082,posuere cubilia curae duis faucibus,false,story,4,414
1083,tempus vivamus in,false,story,3,822
1084,nascetur ridiculus mus etiam vel augue vestibulum rutrum rutrum,false,story,9,484
1085,sagittis sapien cum,false,story,16,727
1086,suspendisse ornare consequat lectus in est risus auctor,false,story,9,906
1087,urna pretium nisl ut,false,story,14,18
1088,orci vehicula condimentum curabitur in libero ut massa,false,story,20,355
1089,suspendisse potenti in,false,story,14,352
1090,fermentum justo nec condimentum neque sapien placerat ante,false,story,19,221
1091,in quis justo maecenas rhoncus aliquam lacus morbi,false,story,6,198
1092,massa donec dapibus duis,true,story,4,434
1093,vivamus metus arcu,true,story,19,28
1094,praesent blandit nam nulla integer pede justo,true,story,8,75
1095,nonummy maecenas tincidunt lacus at velit vivamus vel,true,story,1,11
1096,non interdum in ante vestibulum ante ipsum,true,story,6,487
1097,morbi a ipsum integer a nibh,true,story,1,659
1098,non mi integer ac neque duis bibendum morbi,false,story,8,346
1099,luctus et ultrices posuere cubilia curae nulla dapibus,false,story,19,206
1100,convallis eget eleifend luctus ultricies eu,false,story,19,689
1101,at nibh in hac habitasse platea dictumst,true,story,10,575
1102,consequat dui nec nisi volutpat,true,story,9,270
1103,eros elementum pellentesque,true,story,19,760
1104,erat tortor sollicitudin,false,story,2,589
1105,vulputate elementum nullam,false,story,4,977
1106,turpis elementum ligula vehicula consequat morbi a,false,story,16,225
1107,eu est congue elementum in hac habitasse platea,true,story,12,746
1108,in tempus sit amet sem fusce,true,story,18,574
1109,dui proin leo odio,true,story,0,231
1110,semper sapien a libero nam dui proin leo odio porttitor,false,story,16,129
1111,libero convallis eget eleifend,true,story,8,241
1112,donec vitae nisi nam ultrices libero non mattis,false,story,21,477
1113,morbi vestibulum velit id pretium iaculis,true,story,10,18
1114,nulla dapibus dolor vel est donec odio justo sollicitudin ut,false,story,5,54
1115,vivamus in felis eu sapien cursus vestibulum proin,true,story,20,119
1116,sed vestibulum sit,true,story,12,754
1117,vel lectus in quam fringilla,false,story,17,971
1118,eu magna vulputate luctus cum sociis,false,story,4,544
1119,odio justo sollicitudin ut suscipit a,false,story,14,557
1120,elementum eu interdum eu tincidunt in leo maecenas pulvinar lobortis,true,story,18,652
1121,sit amet sem,true,story,22,652
1122,vel lectus in quam fringilla rhoncus,false,story,13,587
1123,massa quis augue luctus tincidunt nulla mollis molestie,true,story,6,532
1124,diam erat fermentum justo nec condimentum neque sapien placerat,false,story,20,614
1125,habitasse platea dictumst etiam faucibus,true,story,21,841
1126,in faucibus orci luctus et ultrices posuere cubilia curae,false,story,10,897
1127,cras in purus eu magna vulputate luctus cum,true,story,2,192
1128,proin risus praesent lectus vestibulum,true,story,12,8
1129,montes nascetur ridiculus mus etiam vel augue vestibulum rutrum,true,story,23,463
1130,curae nulla dapibus dolor,true,story,23,668
1131,platea dictumst aliquam augue quam sollicitudin,true,story,22,719
1132,erat fermentum justo nec,false,story,14,658
1133,malesuada in imperdiet,true,story,21,422
1134,molestie sed justo pellentesque viverra pede ac diam cras pellentesque,false,story,21,785
1135,sapien sapien non mi integer ac neque duis bibendum,false,story,19,666
1136,at nibh in hac habitasse platea dictumst,false,story,20,197
1137,felis fusce posuere felis,true,story,13,139
1138,nisi nam ultrices libero non mattis pulvinar nulla pede,false,story,6,789
1139,posuere felis sed lacus morbi sem mauris laoreet ut,true,story,22,896
1140,elit proin interdum mauris non ligula,true,story,13,323
1141,dui proin leo odio porttitor id,true,story,7,81
1142,egestas metus aenean fermentum donec ut mauris,true,story,19,680
1143,nunc vestibulum ante ipsum primis,true,story,13,522
1144,sapien non mi integer,true,story,18,329
1145,viverra diam vitae quam suspendisse potenti nullam porttitor,true,story,15,855
1146,mauris viverra diam vitae quam suspendisse potenti nullam porttitor lacus,true,story,5,710
1147,tortor sollicitudin mi sit amet lobortis sapien,true,story,4,293
1148,tincidunt ante vel ipsum praesent blandit,true,story,5,995
1149,in sagittis dui vel nisl duis ac nibh fusce lacus,true,story,17,718
1150,donec semper sapien a libero nam dui proin,true,story,20,949
1151,egestas metus aenean fermentum donec ut mauris eget massa tempor,false,story,0,305
1152,odio donec vitae nisi nam,false,story,7,318
1153,sit amet eleifend pede,true,story,22,916
1154,adipiscing elit proin risus praesent lectus vestibulum,true,story,6,538
1155,sit amet cursus id turpis integer,false,story,17,98
1156,vestibulum ac est,true,story,3,253
1157,sociis natoque penatibus et magnis dis,true,story,21,803
1158,maecenas pulvinar lobortis est,false,story,14,507
1159,porttitor pede justo eu massa donec,true,story,7,623
1160,nascetur ridiculus mus etiam vel augue vestibulum rutrum rutrum,true,story,8,579
1161,maecenas leo odio condimentum,true,story,2,625
1162,massa donec dapibus duis at velit,false,story,14,753
1163,faucibus cursus urna ut tellus,true,story,8,29
1164,a pede posuere nonummy integer non velit,true,story,17,633
1165,nulla sed accumsan felis ut at dolor,true,story,2,879
1166,lacus purus aliquet at feugiat non pretium,true,story,13,906
1167,quis libero nullam sit amet turpis elementum ligula,true,story,12,133
1168,pellentesque at nulla suspendisse potenti cras in purus eu,false,story,3,110
1169,semper est quam pharetra magna ac consequat metus sapien,true,story,2,696
1170,primis in faucibus orci,false,story,10,361
1171,molestie hendrerit at vulputate vitae nisl aenean lectus pellentesque eget,false,story,3,388
1172,quis justo maecenas rhoncus aliquam,true,story,21,985
1173,odio elementum eu interdum eu tincidunt in leo,true,story,3,83
1174,proin at turpis a pede posuere nonummy integer non velit,true,story,2,325
1175,massa volutpat convallis morbi odio odio elementum,true,story,7,900
1176,curae duis faucibus accumsan odio curabitur,false,story,3,8
1177,vestibulum proin eu mi nulla,true,story,20,83
1178,pulvinar sed nisl nunc rhoncus dui vel sem,true,story,19,717
1179,cras mi pede malesuada in,true,story,10,602
1180,ipsum ac tellus semper interdum mauris ullamcorper purus sit,false,story,4,38
1181,lacus morbi quis tortor id nulla ultrices aliquet,false,story,8,604
1182,morbi vestibulum velit id pretium iaculis,true,story,17,118
1183,dolor sit amet consectetuer adipiscing,false,story,8,552
1184,sagittis sapien cum sociis natoque,true,story,12,235
1185,in magna bibendum imperdiet nullam,true,story,12,552
1186,eget orci vehicula condimentum curabitur in libero ut massa,false,story,8,716
1187,est quam pharetra magna,true,story,0,234
1188,ante ipsum primis in faucibus,true,story,18,840
1189,mauris ullamcorper purus sit,false,story,18,732
1190,ut massa quis augue luctus tincidunt nulla mollis molestie lorem,true,story,13,567
1191,nunc commodo placerat praesent blandit nam nulla integer pede justo,false,story,5,87
1192,ipsum primis in faucibus orci luctus et ultrices,false,story,3,134
1193,etiam faucibus cursus urna ut tellus nulla ut erat,true,story,13,470
1194,morbi odio odio elementum eu interdum eu tincidunt in leo,false,story,21,795
1195,eleifend pede libero quis orci nullam molestie nibh in,false,story,21,133
1196,ultrices libero non mattis pulvinar nulla pede ullamcorper augue,true,story,11,9
1197,aenean auctor gravida sem praesent id,true,story,13,157
1198,morbi non lectus aliquam sit amet diam,true,story,14,55
1199,ante ipsum primis in faucibus orci luctus et ultrices posuere,true,story,19,492
1200,rutrum neque aenean,false,story,5,946
1201,consequat ut nulla sed accumsan felis ut at dolor quis,false,story,22,12
1202,phasellus in felis donec,false,story,10,315
1203,luctus rutrum nulla tellus in,false,story,8,984
1204,erat quisque erat eros viverra eget congue eget semper rutrum,false,story,6,331
1205,quam nec dui luctus,false,story,21,181
1206,in hac habitasse platea,true,story,16,603
1207,ipsum primis in faucibus orci luctus et ultrices posuere,false,story,17,893
1208,tincidunt eget tempus vel pede,false,story,6,158
1209,donec posuere metus vitae ipsum aliquam non mauris,false,story,22,37
1210,sem praesent id,true,story,8,560
1211,eros elementum pellentesque,true,story,8,979
1212,volutpat eleifend donec ut,true,story,6,323
1213,bibendum morbi non quam nec dui luctus,false,story,0,890
1214,auctor gravida sem praesent id massa id nisl venenatis,false,story,9,126
1215,vivamus vel nulla eget,true,story,16,160
1216,condimentum curabitur in libero,true,story,10,617
1217,in hac habitasse platea dictumst aliquam,true,story,22,116
1218,magna ac consequat metus sapien,true,story,1,331
1219,commodo placerat praesent blandit,true,story,11,259
1220,donec diam neque vestibulum eget,true,story,11,41
1221,in est risus auctor sed tristique in,true,story,22,490
1222,amet cursus id,true,story,15,756
1223,et magnis dis parturient montes nascetur ridiculus mus vivamus vestibulum,true,story,21,126
1224,tortor sollicitudin mi sit amet lobortis,false,story,15,310
1225,adipiscing elit proin,false,story,17,877
1226,sed tincidunt eu felis fusce posuere felis sed,false,story,17,874
1227,ultricies eu nibh,false,story,2,754
1228,viverra dapibus nulla suscipit ligula in lacus,false,story,5,602
1229,morbi a ipsum integer,true,story,23,16
1230,imperdiet et commodo vulputate justo in blandit ultrices,true,story,12,445
1231,vivamus in felis eu sapien cursus vestibulum proin eu mi,true,story,11,676
1232,id sapien in sapien iaculis congue vivamus metus,true,story,12,911
1233,quam pede lobortis ligula,false,story,15,542
1234,in hac habitasse platea,true,story,20,122
1235,suscipit a feugiat et,false,story,3,165
1236,dui luctus rutrum nulla,true,story,18,925
1237,mi in porttitor pede justo eu massa donec dapibus duis,false,story,11,762
1238,scelerisque mauris sit amet eros suspendisse accumsan tortor,true,story,1,558
1239,erat curabitur gravida nisi at nibh in hac habitasse,false,story,17,400
1240,nulla eget eros elementum pellentesque quisque porta volutpat erat quisque,true,story,11,685
1241,a pede posuere nonummy integer non velit,true,story,7,834
1242,libero rutrum ac lobortis,false,story,10,639
1243,eros viverra eget,false,story,15,978
1244,tincidunt nulla mollis,true,story,22,45
1245,potenti nullam porttitor lacus at turpis donec,true,story,20,368
1246,turpis enim blandit,false,story,19,615
1247,convallis duis consequat dui nec nisi,true,story,17,788
1248,neque vestibulum eget vulputate,true,story,7,867
1249,phasellus in felis donec,false,story,21,661
1250,etiam pretium iaculis justo in hac,false,story,21,462
1251,lacus at turpis donec posuere,true,story,19,539
1252,aliquet pulvinar sed nisl nunc rhoncus,true,story,0,980
1253,morbi vestibulum velit id pretium iaculis diam,true,story,4,132
1254,volutpat quam pede lobortis ligula sit amet,false,story,20,280
1255,at velit vivamus vel nulla,false,story,16,907
1256,in hac habitasse platea dictumst etiam faucibus cursus urna ut,true,story,20,14
1257,morbi quis tortor id nulla ultrices aliquet,false,story,3,57
1258,et ultrices posuere cubilia curae mauris viverra diam vitae,true,story,13,581
1259,sit amet lobortis sapien sapien non mi integer ac neque,false,story,6,34
1260,cursus id turpis integer aliquet massa id lobortis,true,story,12,737
1261,arcu libero rutrum ac lobortis,true,story,11,662
1262,ultrices mattis odio donec vitae nisi nam,true,story,19,5
1263,ac diam cras pellentesque volutpat dui maecenas tristique est,true,story,19,255
1264,ligula pellentesque ultrices phasellus id sapien in,true,story,6,141
1265,amet eros suspendisse accumsan,false,story,12,935
1266,volutpat quam pede lobortis ligula,true,story,20,599
1267,hac habitasse platea dictumst maecenas ut massa quis augue,false,story,10,462
1268,eget tincidunt eget tempus vel pede,true,story,5,465
1269,nec euismod scelerisque quam turpis adipiscing lorem vitae mattis nibh,false,story,12,740
1270,semper est quam pharetra magna ac consequat metus sapien ut,true,story,17,276
1271,ligula vehicula consequat morbi a ipsum integer a nibh,false,story,12,30
1272,enim blandit mi in porttitor pede justo eu massa donec,true,story,20,992
1273,nisl ut volutpat sapien arcu sed augue,false,story,6,605
1274,est et tempus semper est quam pharetra magna,false,story,16,344
1275,etiam vel augue vestibulum rutrum rutrum neque aenean auctor,false,story,10,361
1276,nulla nunc purus phasellus in felis donec semper,false,story,6,391
1277,ac neque duis bibendum morbi non quam,false,story,11,642
1278,aliquet maecenas leo odio condimentum id luctus nec,false,story,16,805
1279,maecenas rhoncus aliquam,true,story,7,440
1280,a feugiat et eros vestibulum ac,false,story,4,178
1281,mattis egestas metus aenean,true,story,15,22
1282,sapien ut nunc vestibulum ante ipsum primis in faucibus orci,true,story,12,569
1283,maecenas leo odio condimentum,false,story,19,810
1284,ut volutpat sapien arcu sed,false,story,19,484
1285,ante nulla justo aliquam quis turpis eget,false,story,22,638
1286,malesuada in imperdiet et,true,story,16,692
1287,aliquam lacus morbi quis tortor id nulla ultrices aliquet,false,story,22,507
1288,cubilia curae donec,true,story,19,893
1289,sit amet eleifend pede libero quis orci,true,story,13,907
1290,id ornare imperdiet sapien urna pretium,false,story,14,191
1291,donec diam neque vestibulum eget vulputate ut,false,story,9,489
1292,porttitor pede justo eu massa donec dapibus duis at velit,false,story,4,83
1293,viverra dapibus nulla suscipit ligula in lacus,true,story,18,649
1294,iaculis congue vivamus,true,story,11,711
1295,etiam vel augue vestibulum rutrum rutrum neque aenean,false,story,5,606
1296,odio in hac habitasse platea dictumst maecenas ut massa,true,story,16,376
1297,at nunc commodo placerat praesent blandit nam nulla,false,story,5,62
1298,pede libero quis orci nullam molestie nibh in,true,story,18,107
1299,tempus vel pede morbi porttitor,false,story,7,356
1300,justo sollicitudin ut suscipit a,true,story,7,917
1301,eget tincidunt eget tempus,false,story,10,891
1302,consectetuer adipiscing elit,false,story,1,235
1303,enim in tempor turpis nec euismod scelerisque quam,false,story,12,923
1304,imperdiet nullam orci pede venenatis non sodales sed,true,story,5,271
1305,justo sollicitudin ut suscipit a feugiat et,false,story,12,184
1306,felis sed interdum venenatis turpis,true,story,21,975
1307,sit amet nunc viverra dapibus,false,story,4,435
1308,a suscipit nulla elit ac,true,story,1,574
1309,libero non mattis pulvinar nulla pede ullamcorper augue,true,story,0,994
1310,nulla nisl nunc nisl duis bibendum felis sed,true,story,7,68
1311,molestie nibh in lectus pellentesque at,true,story,2,362
1312,lorem ipsum dolor sit amet consectetuer adipiscing elit proin risus,true,story,9,637
1313,quisque ut erat,false,story,12,982
1314,semper interdum mauris ullamcorper purus sit,false,story,4,353
1315,donec vitae nisi nam ultrices,true,story,20,563
1316,platea dictumst etiam,true,story,3,942
1317,vestibulum ante ipsum primis in faucibus,true,story,17,740
1318,risus auctor sed tristique in tempus sit amet,true,story,23,320
1319,eros suspendisse accumsan tortor quis turpis sed ante,false,story,20,799
1320,lorem ipsum dolor sit,false,story,21,79
1321,in hac habitasse platea,false,story,5,500
1322,eget tempus vel pede morbi porttitor lorem id ligula,true,story,1,978
1323,nulla ultrices aliquet,false,story,1,224
1324,nam dui proin leo odio,false,story,11,973
1325,eu sapien cursus vestibulum proin eu mi,true,story,5,229
1326,sodales scelerisque mauris sit,true,story,1,773
1327,a ipsum integer a nibh in,true,story,2,84
1328,purus phasellus in felis donec semper sapien a libero nam,false,story,17,269
1329,lorem ipsum dolor sit amet consectetuer,true,story,18,541
1330,eu est congue elementum in hac habitasse platea dictumst,false,story,21,386
1331,eget eros elementum pellentesque quisque porta volutpat erat quisque,false,story,15,889
1332,proin risus praesent lectus vestibulum quam sapien varius ut blandit,false,story,12,178
1333,libero rutrum ac lobortis vel dapibus,false,story,10,304
1334,pretium iaculis justo in hac habitasse platea dictumst etiam faucibus,false,story,8,971
1335,non mattis pulvinar nulla pede ullamcorper augue a suscipit nulla,true,story,20,698
1336,eu tincidunt in leo maecenas pulvinar lobortis est phasellus,true,story,8,158
1337,nisi nam ultrices libero non mattis,true,story,11,236
1338,pellentesque quisque porta volutpat,true,story,13,873
1339,primis in faucibus orci luctus et ultrices,true,story,19,983
1340,vel accumsan tellus nisi eu,false,story,4,565
1341,faucibus orci luctus et ultrices posuere cubilia curae donec,true,story,5,405
1342,pede justo lacinia eget tincidunt eget tempus vel pede morbi,false,story,5,12
1343,pede venenatis non sodales sed tincidunt eu felis fusce posuere,false,story,19,364
1344,porttitor pede justo eu massa,true,story,20,833
1345,donec semper sapien,false,story,23,952
1346,vel augue vestibulum rutrum rutrum neque aenean auctor,false,story,18,228
1347,pede justo lacinia,false,story,10,995
1348,libero nullam sit amet turpis elementum ligula vehicula consequat morbi,false,story,21,985
1349,leo odio condimentum id luctus nec,false,story,20,566
1350,felis ut at,true,story,12,409
1351,suspendisse potenti nullam porttitor lacus at turpis donec,true,story,0,509
1352,sit amet nunc,true,story,1,334
1353,ultrices posuere cubilia curae,true,story,3,795
1354,praesent blandit nam nulla integer pede justo lacinia eget tincidunt,true,story,21,455
1355,cubilia curae mauris viverra,false,story,8,131
1356,volutpat quam pede lobortis ligula sit,false,story,12,21
1357,ac lobortis vel dapibus at diam nam tristique tortor eu,true,story,18,621
1358,velit vivamus vel nulla eget eros elementum pellentesque quisque porta,false,story,4,948
1359,neque aenean auctor gravida sem praesent id massa id,true,story,22,836
1360,maecenas ut massa quis augue luctus tincidunt nulla mollis,false,story,3,515
1361,in leo maecenas pulvinar lobortis est,false,story,14,557
1362,pellentesque eget nunc donec quis orci eget orci,true,story,11,298
1363,sagittis sapien cum sociis natoque penatibus et magnis,true,story,10,886
1364,ante nulla justo aliquam quis turpis eget elit sodales,true,story,0,887
1365,pulvinar sed nisl,true,story,7,861
1366,tristique fusce congue diam id ornare,false,story,23,711
1367,et ultrices posuere cubilia,false,story,21,587
1368,elementum pellentesque quisque,true,story,17,375
1369,nisi eu orci mauris lacinia,false,story,3,36
1370,vulputate nonummy maecenas tincidunt lacus at velit,false,story,16,21
1371,vehicula consequat morbi a,true,story,7,277
1372,ac nibh fusce,false,story,2,606
1373,consectetuer adipiscing elit proin,true,story,11,642
1374,porta volutpat quam pede,true,story,5,370
1375,vehicula condimentum curabitur in libero ut massa volutpat,true,story,22,169
1376,vel augue vestibulum rutrum rutrum neque aenean auctor gravida sem,false,story,5,864
1377,potenti cras in purus,true,story,11,247
1378,feugiat et eros vestibulum ac est,true,story,1,833
1379,habitasse platea dictumst,false,story,0,271
1380,interdum eu tincidunt in leo maecenas pulvinar lobortis est phasellus,true,story,16,772
1381,blandit ultrices enim,false,story,12,230
1382,justo in hac habitasse platea dictumst etiam faucibus cursus,true,story,3,337
1383,tempus semper est quam pharetra magna ac,true,story,5,426
1384,interdum mauris ullamcorper purus,false,story,18,476
1385,accumsan felis ut at,true,story,12,152
1386,dolor sit amet consectetuer adipiscing elit proin risus,true,story,8,964
1387,maecenas tristique est et tempus semper est,false,story,13,841
1388,volutpat erat quisque erat eros viverra eget congue,true,story,21,220
1389,quisque arcu libero rutrum ac lobortis vel dapibus at diam,false,story,13,296
1390,nulla neque libero convallis eget eleifend luctus ultricies eu nibh,true,story,17,12
1391,consequat metus sapien ut nunc vestibulum ante ipsum primis,false,story,13,116
1392,integer tincidunt ante vel ipsum praesent blandit lacinia,false,story,18,468
1393,in lacus curabitur at ipsum ac tellus,false,story,16,289
1394,ipsum aliquam non mauris,true,story,4,824
1395,varius integer ac leo pellentesque ultrices mattis,false,story,21,930
1396,turpis a pede posuere nonummy integer non velit donec,true,story,0,954
1397,erat fermentum justo nec condimentum neque sapien,true,story,20,352
1398,vestibulum aliquet ultrices,true,story,7,492
1399,integer a nibh in quis justo maecenas rhoncus aliquam,false,story,8,360
1400,nisi nam ultrices,false,story,17,102
1401,in faucibus orci luctus et ultrices posuere cubilia curae duis,false,story,12,427
1402,in libero ut massa volutpat convallis morbi odio,true,story,17,695
1403,nisi vulputate nonummy maecenas,true,story,15,4
1404,turpis adipiscing lorem,false,story,5,404
1405,fusce consequat nulla nisl nunc nisl,true,story,16,175
1406,cum sociis natoque penatibus et magnis dis parturient montes,false,story,8,423
1407,eget orci vehicula condimentum curabitur in libero ut massa volutpat,false,story,12,756
1408,semper interdum mauris ullamcorper purus sit amet,true,story,1,757
1409,nisl duis ac nibh fusce lacus purus aliquet,true,story,17,984
1410,pharetra magna vestibulum aliquet ultrices erat tortor sollicitudin mi,true,story,12,509
1411,in faucibus orci luctus et ultrices posuere cubilia,false,story,4,120
1412,nisl nunc rhoncus dui vel sem sed sagittis nam congue,false,story,17,732
1413,aenean fermentum donec ut mauris eget massa tempor,false,story,20,830
1414,est et tempus semper est quam pharetra magna ac consequat,true,story,7,847
1415,et ultrices posuere cubilia,false,story,20,538
1416,fusce consequat nulla nisl nunc nisl duis bibendum felis sed,true,story,4,752
1417,metus aenean fermentum,true,story,17,252
1418,vulputate ut ultrices vel augue vestibulum ante ipsum primis in,true,story,22,973
1419,bibendum imperdiet nullam orci pede venenatis,false,story,16,302
1420,pede ac diam,false,story,21,938
1421,lacus at velit vivamus vel nulla,false,story,23,289
1422,libero non mattis pulvinar nulla pede ullamcorper,true,story,13,209
1423,aliquam quis turpis,false,story,22,106
1424,et magnis dis parturient,true,story,12,862
1425,dui nec nisi volutpat eleifend donec ut dolor morbi vel,false,story,18,983
1426,mollis molestie lorem,false,story,14,767
1427,curabitur gravida nisi at nibh,true,story,7,74
1428,ante ipsum primis in,false,story,11,766
1429,faucibus cursus urna ut tellus,false,story,19,211
1430,luctus nec molestie sed justo,true,story,20,648
1431,in faucibus orci luctus et ultrices posuere,false,story,4,733
1432,vivamus in felis eu sapien cursus,false,story,2,781
1433,lorem integer tincidunt ante,true,story,20,998
1434,augue quam sollicitudin vitae consectetuer eget rutrum at lorem,false,story,9,63
1435,blandit mi in,true,story,13,557
1436,et eros vestibulum ac est lacinia,true,story,1,35
1437,nulla ac enim in,false,story,2,14
1438,odio cras mi pede malesuada in,true,story,4,536
1439,turpis enim blandit mi in porttitor pede,false,story,17,673
1440,nonummy integer non velit donec,true,story,22,454
1441,nam nulla integer pede justo lacinia eget tincidunt eget,false,story,20,545
1442,tellus semper interdum mauris ullamcorper purus sit amet nulla,true,story,6,108
1443,ipsum praesent blandit lacinia erat vestibulum sed magna at,false,story,17,961
1444,in purus eu magna vulputate luctus,true,story,17,555
1445,viverra dapibus nulla suscipit ligula in lacus,true,story,5,104
1446,mollis molestie lorem quisque ut erat curabitur,true,story,15,37
1447,ipsum integer a,false,story,7,448
1448,lobortis sapien sapien non mi integer ac neque duis,false,story,10,915
1449,metus sapien ut nunc vestibulum ante ipsum primis,true,story,21,338
1450,pede venenatis non sodales sed tincidunt eu felis fusce,true,story,2,805
1451,diam erat fermentum justo nec condimentum neque,true,story,20,583
1452,nulla dapibus dolor vel est donec odio justo sollicitudin,false,story,6,221
1453,convallis nunc proin at,true,story,21,287
1454,pulvinar nulla pede ullamcorper augue a suscipit nulla elit ac,false,story,0,937
1455,sed tristique in tempus sit amet sem,true,story,23,991
1456,vel ipsum praesent blandit,true,story,16,480
1457,habitasse platea dictumst morbi vestibulum velit id pretium,false,story,17,723
1458,in leo maecenas pulvinar lobortis est phasellus,true,story,16,637
1459,rutrum at lorem,true,story,5,977
1460,nisi nam ultrices libero non mattis pulvinar nulla pede ullamcorper,true,story,7,239
1461,erat eros viverra eget congue eget semper,false,story,6,728
1462,consequat morbi a,true,story,19,285
1463,convallis eget eleifend luctus ultricies eu,false,story,8,757
1464,sed tristique in tempus sit amet sem fusce consequat nulla,false,story,16,379
1465,platea dictumst etiam faucibus cursus urna ut tellus nulla,false,story,3,168
1466,sed nisl nunc rhoncus dui vel sem,true,story,13,825
1467,curae mauris viverra diam vitae quam suspendisse potenti nullam porttitor,false,story,8,32
1468,justo lacinia eget tincidunt eget tempus,false,story,9,39
1469,rhoncus aliquam lacus morbi quis,false,story,17,387
1470,nulla dapibus dolor vel est donec odio justo sollicitudin,false,story,8,95
1471,consequat varius integer,true,story,11,124
1472,odio curabitur convallis duis consequat dui nec nisi,true,story,17,464
1473,erat id mauris vulputate,false,story,8,62
1474,nisl duis bibendum felis sed interdum venenatis,false,story,10,386
1475,orci luctus et ultrices posuere cubilia curae mauris viverra diam,true,story,6,146
1476,velit eu est congue elementum,true,story,11,73
1477,non lectus aliquam,false,story,3,761
1478,vitae ipsum aliquam non mauris morbi non lectus,true,story,17,369
1479,lacinia sapien quis libero nullam sit amet turpis,true,story,21,530
1480,auctor gravida sem praesent id massa id nisl venenatis lacinia,true,story,0,663
1481,lectus vestibulum quam sapien,false,story,21,57
1482,erat vestibulum sed magna at nunc commodo placerat,true,story,10,896
1483,nulla sed vel enim,false,story,16,170
1484,nec euismod scelerisque quam turpis adipiscing lorem vitae,true,story,23,264
1485,montes nascetur ridiculus mus,true,story,3,674
1486,viverra pede ac diam cras pellentesque volutpat dui maecenas,false,story,19,865
1487,nunc viverra dapibus,true,story,14,117
1488,hac habitasse platea dictumst aliquam,false,story,19,952
1489,lorem ipsum dolor sit amet consectetuer,false,story,0,515
1490,duis faucibus accumsan odio curabitur convallis duis consequat,false,story,13,602
1491,pharetra magna vestibulum aliquet ultrices erat tortor,true,story,10,770
1492,morbi vestibulum velit id pretium iaculis,true,story,2,259
1493,nunc rhoncus dui vel sem sed sagittis nam,false,story,19,214
1494,vivamus vestibulum sagittis sapien,true,story,10,36
1495,nascetur ridiculus mus vivamus,false,story,8,687
1496,cum sociis natoque penatibus et magnis dis parturient,true,story,17,966
1497,orci luctus et ultrices posuere,true,story,15,339
1498,eget nunc donec quis orci eget orci,true,story,22,523
1499,posuere cubilia curae duis,true,story,10,261
1500,quam fringilla rhoncus mauris enim leo rhoncus sed vestibulum,true,story,8,540
1501,morbi quis tortor id nulla ultrices aliquet maecenas leo odio,false,story,1,964
1502,curae duis faucibus accumsan,true,story,8,286
1503,donec diam neque vestibulum eget vulputate ut,false,story,15,425
1504,vivamus vestibulum sagittis sapien cum sociis natoque penatibus et magnis,true,story,0,657
1505,scelerisque mauris sit amet,true,story,0,550
1506,congue etiam justo etiam pretium iaculis justo in hac habitasse,false,story,14,936
1507,justo lacinia eget tincidunt eget tempus vel pede morbi porttitor,false,story,4,909
1508,congue diam id ornare imperdiet sapien urna pretium nisl,true,story,6,966
1509,pulvinar sed nisl nunc rhoncus dui,true,story,11,614
1510,tortor risus dapibus augue vel accumsan tellus,true,story,16,205
1511,praesent blandit lacinia erat vestibulum sed magna at nunc commodo,true,story,14,965
1512,dictumst maecenas ut massa quis augue,false,story,10,877
1513,massa volutpat convallis morbi odio odio elementum eu,false,story,22,203
1514,nulla nisl nunc nisl duis,true,story,13,683
1515,rutrum at lorem integer tincidunt ante vel,false,story,18,691
1516,donec semper sapien a libero nam,true,story,16,739
1517,nullam varius nulla facilisi cras non velit nec,true,story,0,976
1518,at velit vivamus vel nulla eget,false,story,0,897
1519,in quam fringilla rhoncus mauris,true,story,7,619
1520,id justo sit amet sapien dignissim vestibulum vestibulum,false,story,14,209
1521,sem mauris laoreet ut rhoncus,false,story,13,331
1522,eget elit sodales scelerisque mauris sit,false,story,10,171
1523,at lorem integer tincidunt ante vel ipsum praesent blandit,false,story,0,733
1524,viverra diam vitae,true,story,15,329
1525,neque duis bibendum morbi non quam nec dui luctus,true,story,2,331
1526,nibh in quis justo maecenas rhoncus aliquam lacus,true,story,13,901
1527,nisl duis ac nibh fusce lacus purus aliquet,false,story,17,485
1528,elit ac nulla sed vel enim sit amet nunc viverra,true,story,11,278
1529,ut dolor morbi vel lectus in,false,story,7,101
1530,adipiscing lorem vitae,true,story,5,325
1531,faucibus orci luctus et ultrices,true,story,8,635
1532,et ultrices posuere cubilia curae,false,story,18,299
1533,suspendisse potenti in eleifend,true,story,0,36
1534,metus vitae ipsum,true,story,15,787
1535,donec vitae nisi nam,false,story,21,505
1536,ipsum primis in faucibus orci luctus et ultrices posuere cubilia,true,story,5,977
1537,lobortis est phasellus sit amet erat nulla tempus vivamus,true,story,17,867
1538,in faucibus orci luctus,false,story,19,659
1539,nec nisi volutpat eleifend donec ut dolor morbi,false,story,22,626
1540,pede ullamcorper augue a suscipit nulla elit ac,true,story,14,722
1541,sagittis sapien cum,false,story,3,207
1542,amet consectetuer adipiscing elit proin interdum mauris non,false,story,1,115
1543,in libero ut massa volutpat convallis morbi odio,true,story,10,681
1544,diam erat fermentum,false,story,15,934
1545,enim blandit mi in porttitor pede justo eu massa donec,true,story,16,38
1546,faucibus cursus urna ut tellus,true,story,21,264
1547,eget congue eget,true,story,0,893
1548,interdum mauris ullamcorper purus,true,story,13,42
1549,tristique est et tempus semper,true,story,7,155
1550,vel est donec odio justo sollicitudin ut suscipit a,false,story,5,959
1551,metus vitae ipsum aliquam non mauris morbi non lectus,true,story,13,813
1552,primis in faucibus orci,false,story,8,199
1553,aliquam non mauris,false,story,5,404
1554,duis bibendum morbi non quam,false,story,19,347
1555,nonummy integer non velit donec diam,false,story,0,270
1556,vestibulum rutrum rutrum neque aenean auctor,true,story,3,698
1557,curae duis faucibus accumsan odio,false,story,8,159
1558,posuere cubilia curae duis faucibus accumsan odio,false,story,14,688
1559,id consequat in consequat ut nulla,false,story,3,19
1560,vestibulum eget vulputate ut ultrices vel augue vestibulum ante ipsum,false,story,3,276
1561,metus sapien ut nunc vestibulum ante ipsum primis,true,story,4,435
1562,amet nunc viverra dapibus nulla suscipit ligula in lacus curabitur,false,story,17,889
1563,curabitur at ipsum ac,false,story,22,366
1564,quam sapien varius ut,false,story,12,202
1565,sed magna at nunc commodo placerat praesent blandit nam,true,story,20,770
1566,turpis sed ante vivamus,false,story,6,883
1567,venenatis non sodales sed tincidunt,true,story,6,366
1568,congue risus semper porta volutpat quam pede lobortis ligula sit,true,story,3,782
1569,elit sodales scelerisque mauris sit amet eros,true,story,13,699
1570,et ultrices posuere cubilia curae duis faucibus,true,story,1,331
1571,pede morbi porttitor lorem id,true,story,2,328
1572,dui vel nisl duis ac nibh fusce lacus purus aliquet,false,story,3,502
1573,in consequat ut nulla sed,true,story,13,752
1574,non mattis pulvinar nulla pede ullamcorper augue,false,story,9,494
1575,dui vel nisl duis ac,false,story,3,991
1576,eu interdum eu tincidunt in leo maecenas pulvinar,false,story,19,844
1577,vestibulum aliquet ultrices erat tortor sollicitudin mi sit,false,story,15,470
1578,purus phasellus in,false,story,2,953
1579,diam vitae quam,true,story,17,299
1580,a suscipit nulla elit ac nulla sed,false,story,16,613
1581,hac habitasse platea dictumst aliquam augue quam sollicitudin,false,story,7,378
1582,a libero nam dui proin,true,story,8,540
1583,in faucibus orci luctus,false,story,12,60
1584,nulla tempus vivamus in felis eu sapien cursus,false,story,23,309
1585,sem mauris laoreet,true,story,11,22
1586,dictumst maecenas ut,true,story,10,62
1587,suspendisse potenti nullam porttitor lacus at turpis donec posuere metus,false,story,1,40
1588,in libero ut massa volutpat convallis morbi odio,true,story,22,22
1589,quis orci eget orci vehicula condimentum curabitur in libero,true,story,15,874
1590,justo in blandit ultrices,false,story,3,463
1591,eros viverra eget congue eget semper rutrum,false,story,6,77
1592,proin leo odio porttitor id consequat in consequat ut,false,story,11,598
1593,ac consequat metus sapien ut nunc vestibulum ante ipsum primis,true,story,2,987
1594,metus vitae ipsum aliquam non mauris morbi,false,story,15,654
1595,morbi quis tortor id nulla ultrices aliquet,true,story,21,193
1596,gravida sem praesent id massa id nisl,false,story,1,564
1597,sem sed sagittis nam congue risus semper porta,true,story,13,390
1598,eu magna vulputate luctus cum sociis natoque penatibus et magnis,true,story,6,655
1599,elit ac nulla sed vel enim,false,story,6,451
1600,orci vehicula condimentum curabitur in libero ut,false,story,21,296
1601,at turpis a pede posuere nonummy integer non,false,story,15,948
1602,velit nec nisi vulputate nonummy,true,story,17,735
1603,sapien urna pretium nisl ut,true,story,1,290
1604,amet sem fusce consequat,true,story,16,494
1605,a libero nam dui proin leo odio porttitor id,true,story,9,636
1606,mauris ullamcorper purus sit amet nulla quisque arcu,false,story,5,418
1607,molestie nibh in lectus pellentesque at nulla suspendisse potenti cras,true,story,1,134
1608,justo maecenas rhoncus aliquam lacus morbi quis tortor,false,story,10,786
1609,morbi quis tortor id nulla ultrices aliquet maecenas leo,false,story,10,908
1610,velit nec nisi vulputate,true,story,4,750
1611,sem mauris laoreet ut,false,story,11,817
1612,felis donec semper sapien a libero nam dui proin leo,false,story,9,257
1613,interdum mauris non ligula pellentesque ultrices phasellus id sapien,false,story,8,941
1614,integer aliquet massa,false,story,4,620
1615,faucibus orci luctus et ultrices,true,story,20,170
1616,amet consectetuer adipiscing elit proin risus praesent lectus vestibulum,false,story,13,656
1617,vestibulum sit amet,false,story,11,478
1618,turpis integer aliquet massa id lobortis convallis tortor,true,story,10,170
1619,in felis donec semper sapien,true,story,21,314
1620,magna at nunc commodo placerat praesent blandit nam nulla integer,false,story,13,604
1621,aliquam convallis nunc,true,story,6,536
1622,accumsan felis ut at,true,story,12,715
1623,proin at turpis a pede posuere nonummy integer,true,story,7,797
1624,magna bibendum imperdiet nullam,true,story,2,556
1625,odio cras mi pede malesuada in imperdiet,false,story,1,92
1626,volutpat in congue,true,story,22,175
1627,non interdum in ante vestibulum,true,story,11,847
1628,vestibulum sit amet cursus,true,story,20,728
1629,nibh ligula nec sem duis aliquam convallis,true,story,8,566
1630,convallis nunc proin,true,story,5,646
1631,in quis justo maecenas rhoncus aliquam lacus morbi,false,story,18,980
1632,elit proin risus praesent lectus vestibulum quam sapien varius,false,story,2,231
1633,pede ullamcorper augue a suscipit nulla elit,false,story,11,260
1634,auctor gravida sem praesent id massa id nisl,true,story,18,822
1635,amet consectetuer adipiscing elit proin risus praesent lectus vestibulum,false,story,13,65
1636,morbi non lectus aliquam sit amet,false,story,17,639
1637,dui maecenas tristique est et tempus semper est quam pharetra,true,story,2,9
1638,consectetuer adipiscing elit,true,story,11,607
1639,ligula pellentesque ultrices phasellus id sapien in,false,story,11,413
1640,platea dictumst aliquam augue quam sollicitudin vitae,true,story,19,296
1641,volutpat erat quisque erat eros viverra,true,story,23,731
1642,ultrices posuere cubilia curae donec pharetra magna vestibulum aliquet,true,story,15,991
1643,proin eu mi nulla ac enim in tempor turpis nec,false,story,11,648
1644,primis in faucibus,true,story,11,530
1645,ullamcorper purus sit amet nulla quisque arcu,true,story,5,866
1646,cras pellentesque volutpat dui maecenas tristique,true,story,4,120
1647,hac habitasse platea dictumst maecenas ut massa,false,story,1,22
1648,consequat lectus in est risus auctor sed tristique in,false,story,0,784
1649,rhoncus mauris enim leo rhoncus sed,false,story,12,22
1650,suspendisse ornare consequat lectus in est risus,true,story,18,33
1651,imperdiet sapien urna pretium nisl ut volutpat sapien arcu,false,story,15,793
1652,dolor vel est donec odio,true,story,12,755
1653,semper rutrum nulla nunc purus phasellus in felis donec semper,false,story,7,590
1654,aliquet maecenas leo,false,story,9,171
1655,mauris vulputate elementum nullam varius,true,story,13,15
1656,leo maecenas pulvinar lobortis est phasellus sit amet,true,story,16,71
1657,libero ut massa volutpat convallis morbi,false,story,19,468
1658,cursus id turpis integer aliquet massa id lobortis,true,story,17,143
1659,sollicitudin mi sit amet lobortis sapien,false,story,0,274
1660,in consequat ut nulla sed,false,story,4,503
1661,orci eget orci vehicula condimentum curabitur,false,story,9,518
1662,in felis eu sapien cursus vestibulum proin eu mi,true,story,11,224
1663,massa id nisl venenatis lacinia aenean sit amet justo morbi,true,story,21,921
1664,fusce lacus purus aliquet,false,story,3,853
1665,ut nunc vestibulum ante ipsum,false,story,4,670
1666,ligula in lacus,false,story,17,315
1667,diam id ornare imperdiet sapien urna pretium,false,story,17,643
1668,cursus vestibulum proin eu mi nulla ac enim in tempor,false,story,2,716
1669,sit amet erat nulla tempus vivamus in felis,true,story,19,392
1670,proin risus praesent,false,story,23,960
1671,nibh in lectus pellentesque at,false,story,8,393
1672,in hac habitasse platea dictumst etiam faucibus cursus urna,true,story,20,527
1673,cras pellentesque volutpat dui,true,story,17,665
1674,pulvinar sed nisl nunc rhoncus dui vel,false,story,5,277
1675,enim lorem ipsum dolor sit amet,true,story,11,112
1676,lorem ipsum dolor sit amet,true,story,22,434
1677,curae mauris viverra diam vitae quam suspendisse potenti nullam porttitor,false,story,13,324
1678,a odio in hac habitasse platea dictumst maecenas ut,false,story,13,624
1679,pede venenatis non sodales sed tincidunt eu felis,false,story,3,18
1680,aenean sit amet justo morbi ut odio cras,true,story,20,959
1681,mauris sit amet eros suspendisse accumsan tortor,true,story,17,164
1682,congue etiam justo etiam pretium iaculis justo,true,story,7,627
1683,ante vestibulum ante ipsum primis in,false,story,17,466
1684,mauris lacinia sapien quis libero nullam sit amet turpis elementum,true,story,15,607
1685,in tempus sit amet sem fusce consequat nulla nisl,false,story,0,595
1686,rhoncus aliquam lacus morbi quis tortor id nulla,true,story,20,708
1687,porta volutpat quam pede lobortis,false,story,8,225
1688,suspendisse ornare consequat lectus in est risus,true,story,4,219
1689,mollis molestie lorem quisque ut erat,true,story,23,190
1690,erat nulla tempus vivamus in felis eu sapien cursus vestibulum,false,story,6,646
1691,lectus vestibulum quam sapien varius ut blandit non interdum,true,story,12,862
1692,id lobortis convallis,false,story,16,229
1693,est quam pharetra magna ac consequat metus,false,story,5,105
1694,pharetra magna vestibulum aliquet ultrices erat tortor sollicitudin mi sit,true,story,14,276
1695,adipiscing elit proin risus praesent lectus vestibulum,true,story,1,391
1696,in congue etiam,false,story,8,894
1697,cras in purus eu,true,story,13,326
1698,congue elementum in hac habitasse platea dictumst morbi vestibulum,false,story,17,577
1699,vel accumsan tellus nisi eu orci mauris,true,story,10,402
1700,metus sapien ut nunc vestibulum ante ipsum primis in,true,story,23,415
1701,interdum in ante vestibulum ante ipsum primis in,true,story,8,175
1702,iaculis diam erat,false,story,21,152
1703,ac enim in tempor turpis nec euismod,true,story,15,397
1704,accumsan felis ut at dolor quis odio consequat varius,true,story,9,301
1705,a ipsum integer a nibh,false,story,21,547
1706,turpis nec euismod scelerisque quam turpis adipiscing,true,story,0,563
1707,quisque arcu libero rutrum ac lobortis vel dapibus at,false,story,10,799
1708,venenatis non sodales sed,true,story,10,29
1709,augue aliquam erat volutpat in congue etiam justo etiam pretium,false,story,18,47
1710,lectus in est risus,true,story,9,415
1711,congue diam id ornare,false,story,13,349
1712,lectus suspendisse potenti in,true,story,1,783
1713,ultrices enim lorem ipsum dolor sit amet consectetuer adipiscing elit,false,story,3,204
1714,accumsan odio curabitur,false,story,10,741
1715,sollicitudin ut suscipit a feugiat et eros vestibulum ac est,false,story,0,148
1716,eu felis fusce posuere felis sed lacus,false,story,18,949
1717,velit nec nisi,true,story,5,727
1718,morbi sem mauris,true,story,5,886
1719,molestie lorem quisque ut erat curabitur gravida nisi at nibh,true,story,0,933
1720,libero convallis eget eleifend luctus ultricies eu nibh,true,story,9,892
1721,interdum in ante vestibulum ante ipsum primis in faucibus,true,story,20,719
1722,ac tellus semper,false,story,5,55
1723,rhoncus mauris enim leo rhoncus sed vestibulum sit,false,story,20,296
1724,sed magna at nunc commodo placerat praesent blandit,false,story,19,589
1725,erat curabitur gravida,false,story,17,443
1726,feugiat non pretium quis lectus suspendisse potenti,false,story,22,462
1727,venenatis non sodales sed tincidunt eu,false,story,8,723
1728,feugiat et eros vestibulum ac,false,story,16,273
1729,elit proin interdum mauris non ligula,false,story,2,605
1730,in lectus pellentesque at nulla suspendisse potenti cras in,true,story,8,763
1731,platea dictumst maecenas ut massa quis augue luctus tincidunt,false,story,4,922
1732,nulla tellus in,true,story,3,678
1733,lectus aliquam sit amet diam in magna bibendum,true,story,23,364
1734,at velit eu est congue elementum in,false,story,14,148
1735,condimentum id luctus nec molestie sed justo,false,story,2,312
1736,odio elementum eu interdum eu tincidunt,false,story,5,232
1737,porttitor lorem id ligula suspendisse ornare consequat,false,story,12,698
1738,sem mauris laoreet ut rhoncus aliquet pulvinar,false,story,16,609
1739,leo odio condimentum id luctus nec molestie sed justo pellentesque,false,story,9,97
1740,pede ac diam cras pellentesque,true,story,9,572
1741,vitae mattis nibh,true,story,17,726
1742,vel augue vestibulum rutrum rutrum,false,story,17,974
1743,enim leo rhoncus sed vestibulum sit amet cursus,false,story,8,422
1744,sed sagittis nam congue risus semper,true,story,3,249
1745,vestibulum ante ipsum primis,false,story,13,202
1746,proin at turpis a,false,story,11,865
1747,mi nulla ac enim in tempor turpis nec euismod,false,story,13,730
1748,id mauris vulputate elementum nullam varius,true,story,0,561
1749,duis mattis egestas metus aenean fermentum donec,true,story,1,444
1750,a odio in hac habitasse,false,story,12,922
1751,donec quis orci eget orci vehicula condimentum,true,story,12,221
1752,risus semper porta,false,story,11,805
1753,sapien sapien non mi integer ac,true,story,21,229
1754,pede libero quis orci nullam,false,story,1,621
1755,pellentesque at nulla,true,story,16,421
1756,rutrum neque aenean auctor gravida sem praesent id massa,false,story,5,475
1757,mattis pulvinar nulla pede ullamcorper,false,story,23,399
1758,vitae ipsum aliquam non mauris morbi non lectus aliquam sit,false,story,2,494
1759,sed justo pellentesque viverra,false,story,6,561
1760,sed vel enim sit amet,true,story,6,781
1761,ut erat id mauris vulputate,true,story,3,60
1762,rutrum rutrum neque aenean auctor gravida sem praesent id,true,story,21,483
1763,aenean sit amet justo morbi ut odio cras mi,true,story,11,685
1764,non pretium quis lectus,false,story,4,6
1765,lorem quisque ut erat curabitur gravida,true,story,18,455
1766,sit amet eros,true,story,7,782
1767,at velit vivamus vel nulla eget eros elementum pellentesque quisque,true,story,6,584
1768,id luctus nec molestie sed justo pellentesque viverra pede,true,story,9,915
1769,aenean auctor gravida sem praesent id,false,story,10,833
1770,lobortis vel dapibus at diam nam tristique tortor eu,false,story,10,653
1771,vel est donec odio,true,story,16,449
1772,morbi vel lectus in quam,false,story,16,278
1773,ac lobortis vel dapibus at,false,story,16,502
1774,pede morbi porttitor lorem id ligula,false,story,10,181
1775,hendrerit at vulputate,false,story,2,572
1776,accumsan tortor quis turpis sed,true,story,12,469
1777,aliquam lacus morbi quis tortor id nulla ultrices,false,story,8,826
1778,justo nec condimentum neque sapien placerat ante nulla,true,story,19,989
1779,sodales sed tincidunt,false,story,13,581
1780,nulla sed vel enim sit amet nunc viverra,true,story,21,41
1781,consequat nulla nisl nunc,true,story,1,851
1782,nullam molestie nibh in lectus pellentesque at nulla suspendisse,false,story,11,220
1783,sit amet sem fusce consequat,false,story,23,293
1784,ante nulla justo aliquam quis turpis eget elit,false,story,20,164
1785,ut ultrices vel augue,false,story,8,678
1786,porttitor pede justo eu massa donec dapibus duis at velit,false,story,18,802
1787,diam neque vestibulum eget vulputate ut ultrices,false,story,7,45
1788,blandit non interdum in ante,false,story,2,516
1789,vel accumsan tellus nisi,false,story,12,179
1790,libero rutrum ac lobortis,false,story,0,647
1791,pede posuere nonummy integer non velit donec diam,false,story,5,386
1792,vivamus in felis eu sapien cursus vestibulum,true,story,21,765
1793,proin risus praesent lectus vestibulum quam sapien varius,false,story,6,609
1794,diam vitae quam suspendisse potenti,true,story,15,824
1795,eget rutrum at lorem integer tincidunt ante,false,story,18,3
1796,maecenas leo odio condimentum id luctus,true,story,12,779
1797,non mi integer,false,story,20,26
1798,in sagittis dui vel nisl duis ac nibh,false,story,0,960
1799,imperdiet nullam orci pede venenatis non sodales sed tincidunt eu,false,story,16,440
1800,aenean lectus pellentesque eget nunc donec quis orci eget,false,story,9,834
1801,mauris enim leo rhoncus sed vestibulum,true,story,18,312
1802,sit amet justo morbi ut odio cras mi pede,true,story,12,871
1803,viverra pede ac diam cras pellentesque volutpat dui maecenas tristique,false,story,22,573
1804,consequat in consequat ut nulla sed accumsan felis,true,story,2,681
1805,dui vel nisl duis,true,story,4,659
1806,curabitur at ipsum ac tellus semper interdum,false,story,0,536
1807,aliquam erat volutpat in congue etiam,true,story,6,678
1808,nec dui luctus,false,story,20,896
1809,ac consequat metus sapien ut nunc vestibulum ante,false,story,11,449
1810,turpis a pede posuere nonummy integer non velit donec diam,false,story,5,279
1811,dolor morbi vel lectus in,true,story,11,872
1812,habitasse platea dictumst maecenas ut massa quis augue luctus tincidunt,true,story,0,114
1813,ut rhoncus aliquet pulvinar sed nisl,true,story,9,503
1814,lacus at velit vivamus,true,story,19,430
1815,congue diam id ornare imperdiet sapien urna,true,story,18,847
1816,est donec odio justo sollicitudin ut,true,story,8,982
1817,in magna bibendum imperdiet nullam orci pede venenatis,false,story,11,123
1818,adipiscing elit proin interdum mauris non ligula pellentesque ultrices,true,story,11,232
1819,et ultrices posuere cubilia curae donec pharetra magna vestibulum aliquet,false,story,11,460
1820,sapien ut nunc vestibulum ante,false,story,8,917
1821,ultrices posuere cubilia,false,story,12,981
1822,potenti cras in purus eu magna vulputate,true,story,16,217
1823,eros elementum pellentesque,true,story,19,951
1824,id nisl venenatis lacinia aenean sit amet,false,story,0,162
1825,id mauris vulputate elementum nullam,true,story,7,894
1826,sapien urna pretium nisl ut volutpat sapien arcu,false,story,3,643
1827,est donec odio justo sollicitudin ut suscipit,false,story,2,832
1828,massa id nisl venenatis lacinia aenean sit,true,story,17,48
1829,consequat dui nec nisi volutpat,true,story,8,897
1830,morbi porttitor lorem id ligula suspendisse,false,story,3,385
1831,sapien sapien non mi integer ac neque,false,story,10,339
1832,amet lobortis sapien sapien non,false,story,8,377
1833,quisque id justo sit amet sapien dignissim vestibulum vestibulum,false,story,10,387
1834,ante nulla justo aliquam,true,story,18,615
1835,sollicitudin ut suscipit a feugiat,true,story,10,666
1836,dolor sit amet consectetuer adipiscing elit,true,story,22,801
1837,non quam nec dui luctus rutrum nulla tellus in,false,story,22,815
1838,primis in faucibus orci luctus et ultrices posuere,false,story,15,363
1839,amet sem fusce consequat,false,story,21,368
1840,ipsum primis in faucibus orci luctus,false,story,18,959
1841,libero convallis eget,false,story,3,165
1842,neque duis bibendum,true,story,2,653
1843,nisi vulputate nonummy maecenas tincidunt,true,story,2,928
1844,porta volutpat quam pede lobortis ligula sit amet,true,story,3,10
1845,suspendisse potenti cras in purus eu,true,story,3,84
1846,ac enim in tempor turpis nec euismod,true,story,0,134
1847,interdum venenatis turpis enim blandit mi in porttitor,true,story,14,831
1848,ut ultrices vel,true,story,13,509
1849,duis bibendum felis,false,story,23,932
1850,amet consectetuer adipiscing elit proin risus,false,story,20,839
1851,ac diam cras,false,story,1,573
1852,ipsum primis in faucibus orci luctus et ultrices posuere,true,story,20,718
1853,lectus pellentesque at nulla suspendisse potenti cras in purus,false,story,2,329
1854,dis parturient montes nascetur ridiculus mus etiam vel,true,story,9,371
1855,mi nulla ac enim in tempor,false,story,23,698
1856,pretium iaculis justo in hac habitasse platea dictumst etiam,false,story,0,222
1857,quam nec dui luctus rutrum nulla tellus in,true,story,20,128
1858,non quam nec dui,false,story,15,874
1859,mauris non ligula pellentesque ultrices phasellus id sapien in sapien,false,story,6,120
1860,mi nulla ac enim in tempor turpis nec euismod,false,story,12,969
1861,tempor convallis nulla neque libero convallis eget eleifend luctus ultricies,false,story,8,666
1862,nisl nunc rhoncus dui vel sem sed sagittis nam,true,story,21,161
1863,donec diam neque,true,story,20,487
1864,vestibulum ac est lacinia nisi venenatis,false,story,10,884
1865,augue aliquam erat volutpat in congue,false,story,12,95
1866,enim blandit mi in porttitor pede justo,true,story,18,951
1867,eget tincidunt eget tempus vel,false,story,9,304
1868,massa volutpat convallis morbi odio odio elementum eu interdum,false,story,2,741
1869,lectus in quam fringilla rhoncus mauris enim leo,true,story,13,115
1870,enim sit amet nunc viverra dapibus nulla suscipit ligula,true,story,11,971
1871,lectus in quam fringilla rhoncus mauris,true,story,10,217
1872,massa donec dapibus duis at velit eu est congue elementum,false,story,5,594
1873,ac neque duis bibendum morbi non quam,true,story,21,743
1874,id turpis integer aliquet massa id lobortis convallis tortor risus,true,story,18,250
1875,volutpat convallis morbi odio odio elementum eu,true,story,5,983
1876,suspendisse potenti nullam porttitor lacus at turpis,false,story,17,974
1877,ac consequat metus sapien ut nunc,false,story,7,46
1878,morbi vel lectus,true,story,17,654
1879,vestibulum velit id pretium iaculis diam,false,story,14,302
1880,mi sit amet lobortis sapien,false,story,2,922
1881,convallis eget eleifend,true,story,17,420
1882,elit ac nulla sed vel enim sit amet nunc,false,story,15,348
1883,dapibus augue vel accumsan tellus,false,story,21,308
1884,elit proin interdum mauris non ligula pellentesque ultrices phasellus id,false,story,4,490
1885,non pretium quis lectus suspendisse potenti,true,story,0,632
1886,phasellus in felis donec semper sapien a,false,story,16,711
1887,venenatis tristique fusce congue diam id,false,story,4,243
1888,lacus at turpis donec posuere,true,story,23,59
1889,id lobortis convallis tortor risus dapibus augue vel accumsan tellus,false,story,22,445
1890,viverra diam vitae quam suspendisse potenti nullam porttitor lacus,false,story,0,82
1891,venenatis lacinia aenean sit amet justo morbi ut,true,story,13,25
1892,hac habitasse platea dictumst maecenas ut,true,story,23,615
1893,ac nibh fusce lacus,false,story,17,454
1894,felis eu sapien cursus vestibulum proin,true,story,22,757
1895,ultricies eu nibh quisque id justo sit amet sapien,false,story,20,330
1896,amet sapien dignissim vestibulum vestibulum ante ipsum,true,story,8,910
1897,nulla nisl nunc nisl duis bibendum felis,false,story,6,158
1898,purus aliquet at feugiat non pretium quis lectus suspendisse potenti,true,story,14,122
1899,amet diam in magna bibendum,true,story,12,110
1900,amet erat nulla tempus vivamus in felis,false,story,12,207
1901,condimentum id luctus nec molestie sed justo,true,story,0,953
1902,mauris viverra diam vitae,false,story,2,389
1903,tortor duis mattis egestas metus aenean fermentum,false,story,17,752
1904,pede malesuada in imperdiet,true,story,17,973
1905,aenean sit amet justo morbi ut odio,false,story,1,347
1906,cras pellentesque volutpat dui maecenas,false,story,15,786
1907,posuere cubilia curae mauris viverra diam vitae quam,false,story,11,679
1908,maecenas tincidunt lacus at velit vivamus vel nulla eget,true,story,8,846
1909,at nulla suspendisse potenti cras in,true,story,15,687
1910,tristique fusce congue diam id ornare,true,story,18,169
1911,amet eleifend pede libero quis orci nullam molestie nibh in,false,story,19,998
1912,habitasse platea dictumst etiam faucibus cursus urna,false,story,15,747
1913,morbi quis tortor id nulla ultrices,false,story,18,80
1914,donec ut mauris eget,false,story,8,747
1915,felis fusce posuere,true,story,12,786
1916,in tempor turpis nec euismod scelerisque quam turpis adipiscing lorem,false,story,1,799
1917,aliquam lacus morbi quis tortor,false,story,4,746
1918,adipiscing elit proin risus praesent lectus vestibulum quam sapien,true,story,0,912
1919,curabitur in libero ut,false,story,6,592
1920,aliquet massa id,true,story,5,303
1921,nam dui proin leo odio porttitor id consequat in consequat,true,story,10,245
1922,dapibus at diam nam tristique tortor,true,story,4,181
1923,pellentesque volutpat dui maecenas tristique est et tempus semper est,true,story,1,341
1924,elementum in hac habitasse platea,false,story,10,179
1925,eu interdum eu tincidunt in,false,story,9,971
1926,elementum pellentesque quisque porta,true,story,6,770
1927,lorem id ligula,true,story,15,544
1928,lectus vestibulum quam sapien varius,false,story,16,802
1929,sapien varius ut blandit non interdum in ante vestibulum ante,false,story,10,959
1930,congue elementum in hac habitasse platea dictumst morbi vestibulum,false,story,9,919
1931,natoque penatibus et magnis dis parturient,true,story,5,837
1932,platea dictumst aliquam augue,true,story,3,680
1933,nascetur ridiculus mus etiam vel augue vestibulum,false,story,13,567
1934,dapibus nulla suscipit,false,story,23,998
1935,semper porta volutpat quam pede lobortis ligula,true,story,4,221
1936,dapibus duis at,false,story,13,217
1937,non ligula pellentesque ultrices phasellus,true,story,11,526
1938,luctus et ultrices posuere cubilia,true,story,8,38
1939,in sapien iaculis congue vivamus metus arcu,true,story,18,892
1940,vestibulum velit id pretium iaculis diam erat fermentum justo,false,story,6,920
1941,vestibulum aliquet ultrices erat,true,story,16,406
1942,nullam porttitor lacus at,false,story,17,287
1943,sapien non mi integer ac neque duis bibendum morbi,false,story,15,710
1944,mauris laoreet ut rhoncus aliquet pulvinar sed nisl nunc rhoncus,true,story,16,533
1945,eget eros elementum pellentesque,false,story,23,305
1946,adipiscing elit proin interdum mauris,false,story,13,919
1947,mauris non ligula pellentesque ultrices phasellus id sapien,false,story,4,478
1948,convallis tortor risus,true,story,15,251
1949,vestibulum velit id pretium iaculis diam erat fermentum justo nec,false,story,18,284
1950,eu mi nulla,true,story,18,416
1951,orci nullam molestie nibh,false,story,8,169
1952,etiam vel augue vestibulum rutrum rutrum neque aenean auctor,true,story,10,119
1953,convallis duis consequat dui,true,story,15,606
1954,aliquet massa id lobortis convallis tortor risus dapibus augue vel,false,story,8,933
1955,pharetra magna vestibulum aliquet,true,story,5,634
1956,nisi volutpat eleifend,true,story,11,65
1957,turpis adipiscing lorem vitae,true,story,21,506
1958,sit amet sapien dignissim vestibulum vestibulum,false,story,6,524
1959,et ultrices posuere cubilia curae nulla dapibus dolor vel est,false,story,3,377
1960,duis faucibus accumsan odio curabitur convallis duis,false,story,7,791
1961,pharetra magna ac consequat metus,false,story,5,915
1962,proin interdum mauris,false,story,22,799
1963,lacinia aenean sit amet justo morbi ut odio,false,story,19,124
1964,leo odio condimentum,false,story,16,58
1965,congue eget semper rutrum nulla nunc purus phasellus in felis,true,story,5,88
1966,massa id nisl venenatis lacinia,true,story,15,347
1967,ultrices posuere cubilia curae mauris,false,story,9,840
1968,imperdiet nullam orci pede venenatis non sodales,true,story,5,135
1969,lorem quisque ut erat curabitur gravida nisi at,true,story,23,430
1970,amet eros suspendisse accumsan tortor,false,story,11,561
1971,at turpis donec,false,story,22,86
1972,vel accumsan tellus nisi eu orci mauris,true,story,6,236
1973,consequat in consequat ut,false,story,7,792
1974,sit amet turpis elementum ligula vehicula consequat morbi,true,story,16,286
1975,erat id mauris vulputate elementum nullam varius nulla facilisi cras,true,story,15,844
1976,consequat in consequat ut nulla sed accumsan felis ut,false,story,21,745
1977,convallis duis consequat dui nec nisi volutpat eleifend donec,false,story,11,86
1978,a ipsum integer a nibh,true,story,23,167
1979,donec dapibus duis at,true,story,7,233
1980,eget tincidunt eget tempus vel pede,true,story,1,551
1981,etiam justo etiam pretium iaculis justo,true,story,4,612
1982,eget nunc donec quis,false,story,11,807
1983,tempus vel pede,true,story,9,399
1984,condimentum id luctus nec molestie sed,false,story,2,209
1985,rhoncus dui vel sem sed sagittis,false,story,1,688
1986,mi nulla ac enim in tempor turpis nec,false,story,0,717
1987,velit donec diam neque vestibulum eget vulputate ut ultrices vel,true,story,9,172
1988,vestibulum sed magna at nunc commodo placerat praesent blandit,true,story,18,82
1989,metus sapien ut nunc vestibulum,false,story,8,917
1990,dapibus nulla suscipit ligula in lacus,true,story,12,449
1991,elit proin interdum mauris non,true,story,7,42
1992,accumsan tellus nisi eu orci,true,story,19,833
1993,venenatis turpis enim blandit mi in porttitor pede justo,false,story,11,725
1994,curabitur at ipsum ac tellus semper interdum mauris ullamcorper,true,story,0,879
1995,nisl aenean lectus pellentesque eget,false,story,3,97
1996,massa id nisl venenatis lacinia aenean sit,false,story,16,514
1997,sociis natoque penatibus et magnis dis parturient montes,true,story,16,585
1998,quisque arcu libero rutrum ac lobortis vel dapibus,false,story,4,619
1999,scelerisque quam turpis adipiscing lorem vitae mattis,false,story,11,97
2000,sit amet erat nulla tempus vivamus,true,story,3,193
